experiment,split,seed,zero_step_size_adapter,solver_steps,min_ade,ade,corner_distance,action_expert_mean_ms,end_to_end_mean_ms
candidate_seed42,val,42,False,10,0.7469329931773245,1.3857286660932004,0.7588693976867944,403.93411206196106,10731.877913155813
candidate_seed42,val,42,False,8,0.7571389393415302,1.3632313618436456,0.7724220498930663,322.5140549375283,10664.597989125923
candidate_seed42,val,42,False,4,0.7912123791174963,1.3330344459973276,0.8087770382408053,159.71520412540485,10468.104034561975
candidate_seed42,val,42,False,2,0.9371839773375541,1.4247369645163417,0.9610246298834682,78.56933603193283,10498.0407070002
candidate_seed42,val,42,False,1,1.4338680477812886,1.6177195524796844,1.4988183211535215,37.74189384330384,10433.445236312991
released_seed42,val,42,False,10,1.1765956594608724,2.115910441149026,1.1567186350002885,403.72736587573854,10718.986193344335
released_seed42,val,42,False,8,1.1844467099290341,2.080281778704375,1.173779373522848,322.59376128172335,10653.313550282064
released_seed42,val,42,False,4,1.2679039724171162,1.9757879581302404,1.2625921862199903,160.58023790606057,10506.205868874986
released_seed42,val,42,False,2,1.503154521342367,1.961370016913861,1.5286071235314012,78.3033191244158,10390.942543968777
released_seed42,val,42,False,1,1.970540203154087,2.116923127323389,2.0161953922361135,37.62208759371788,10341.874180468722
candidate_seed43,val,43,False,10,0.7485120783094317,1.8735866034403443,0.79216574007296,399.6010939072221,11260.38694165618
candidate_seed43,val,43,False,8,0.7530053096124902,1.8026602803729475,0.7958284532651305,319.02319609275764,11183.977297499041
candidate_seed43,val,43,False,4,0.7905816786078503,1.664118186570704,0.8473756369494367,157.91297809414573,11011.170839249417
candidate_seed43,val,43,False,2,1.046057494590059,1.5885040992870927,1.0915869392920285,77.42395531226975,10916.662557375275
candidate_seed43,val,43,False,1,1.454770915210247,1.6762386299669743,1.5170715255662799,37.536496781058304,10917.736592561823
candidate_seed44,val,44,False,10,0.8438239684328437,1.6671958421356976,0.8603464302141219,400.1646844380957,10921.112334186546
candidate_seed44,val,44,False,8,0.8127975931856781,1.6215860964730382,0.8298255449626595,319.6745175932847,10843.492453937642
candidate_seed44,val,44,False,4,0.8535667518153787,1.5732350097969174,0.8936711414717138,158.32824425024228,10693.595686218714
candidate_seed44,val,44,False,2,0.9932237665634602,1.544737451709807,1.0237892237491906,77.8678346880497,10648.08470878188
candidate_seed44,val,44,False,1,1.45770778413862,1.6175400596112013,1.5143086425960064,37.32871178181085,10585.906527281395
candidate_zero_adapter_seed42,val,42,True,10,0.747484230203554,1.3839385486207902,0.7586502102203667,403.8794857810899,10714.929044967903
candidate_zero_adapter_seed42,val,42,True,8,0.7560636294074357,1.3656472761649638,0.7706831889227033,322.72605021898926,10639.768470156696
candidate_zero_adapter_seed42,val,42,True,4,0.7902820511953905,1.3321281620301306,0.8081324649974704,159.92208659326934,10498.285815063127
candidate_zero_adapter_seed42,val,42,True,2,0.9381039760774001,1.4148609293624759,0.9637401169165969,78.47517800087189,10408.166974124924
candidate_zero_adapter_seed42,val,42,True,1,1.4357617357745767,1.621601971797645,1.5010017128661275,37.62582499962264,10340.38220203206
v1_seed42,val,42,False,10,0.7817828950937837,1.4117388966260478,0.8116601133078802,403.5315061869369,10710.679885468835
v1_seed42,val,42,False,8,0.7975295125797857,1.4007860146230087,0.820816299848957,322.5214415001574,10633.894031124782
v1_seed42,val,42,False,4,0.8127567020128481,1.3654748408007436,0.840844629710773,159.67563353137848,10471.4120536878
v1_seed42,val,42,False,2,0.8917410819994984,1.422850567731075,0.923124081993592,78.28768571835099,10378.968795656192
v1_seed42,val,42,False,1,1.3963202888844535,1.6658641076646745,1.430310951313004,37.6211130626416,10343.151429937507
candidate_test_seed42,test,42,False,10,1.2347660907544196,2.619777728803456,1.344236391596496,402.6280879375008,10888.498789749974
candidate_test_seed42,test,42,False,8,1.246342994272709,2.531282125040889,1.357833033427596,321.60038565552895,10802.160327719093
candidate_test_seed42,test,42,False,4,1.3819025158882141,2.3357416382059455,1.4757660212926567,159.22734943751493,10642.86760396817
candidate_test_seed42,test,42,False,2,1.6145067503675818,2.251400226727128,1.7078464345540851,78.15970634283076,10571.78619559295
candidate_test_seed42,test,42,False,1,2.03107814444229,2.342849981971085,2.124447865411639,37.53844440711873,10538.77288231206
released_test_seed42,test,42,False,10,1.5324402656406164,3.215858271345496,1.6166931428015232,402.9310298135442,10908.624195594257
released_test_seed42,test,42,False,8,1.5534059386700392,3.1389766857028008,1.6334255449473858,321.68173943728107,10812.14487400075
released_test_seed42,test,42,False,4,1.6261606770567596,2.775260300375521,1.6942598028108478,159.28354587413196,10655.190244750202
released_test_seed42,test,42,False,2,1.7359123644419014,2.3809437369927764,1.812968681100756,78.32957428149712,10596.912335468232
released_test_seed42,test,42,False,1,2.0268783811479807,2.370448454283178,2.1208293503150344,37.576003468075214,10551.551066187358
