experiment,solver_steps,min_ade,ade,corner_distance,action_expert_mean_ms,end_to_end_mean_ms,adapter_scale,validation_samples,manifest_sha256
flow_control_32,1,1.4479928957298398,1.5907282130792737,1.5126405023038387,37.656499219338,10355.0227071878,1.0,32,0d70d2422e7dcc10800f8d16ba642af49d8113d627882436a7a46b3f0fae0d31
flow_control_32,10,0.728346555493772,1.3403293304145336,0.7408385943854228,404.4362119384459,10748.198911626332,1.0,32,0d70d2422e7dcc10800f8d16ba642af49d8113d627882436a7a46b3f0fae0d31
flow_control_32,2,0.9626930546946824,1.4017918854951859,0.9928515674546361,78.45701928226845,10404.290289593064,1.0,32,0d70d2422e7dcc10800f8d16ba642af49d8113d627882436a7a46b3f0fae0d31
flow_control_32,4,0.7684486845973879,1.2996566877700388,0.7948718481929973,159.64964784325275,10470.579149406149,1.0,32,0d70d2422e7dcc10800f8d16ba642af49d8113d627882436a7a46b3f0fae0d31
flow_control_32,8,0.7356490246020257,1.3237309190444648,0.7537093081045896,322.6117264671302,10642.791065719393,1.0,32,0d70d2422e7dcc10800f8d16ba642af49d8113d627882436a7a46b3f0fae0d31
shortcut_128,10,1.0957035135288606,2.109925370736164,1.1155090965839918,399.22151775829207,10829.25620813296,1.0,128,d7dc21959b746dacdfee2f559550b329783d4664db88d3cacb5590323fec9e62
shortcut_128,2,1.4214014708122704,1.9405078593990766,1.4436123787490942,77.45476316335953,10506.501981094174,1.0,128,d7dc21959b746dacdfee2f559550b329783d4664db88d3cacb5590323fec9e62
shortcut_128,4,1.1795471503719455,1.9844304945436306,1.2025181936041918,157.9237452107236,10580.850232203487,1.0,128,d7dc21959b746dacdfee2f559550b329783d4664db88d3cacb5590323fec9e62
released_128,10,1.3346096109926293,2.7169554328429513,1.3058672193910752,399.4309898279198,10841.314536663958,1.0,128,d7dc21959b746dacdfee2f559550b329783d4664db88d3cacb5590323fec9e62
released_128,2,1.5831791010859888,2.1706353981862776,1.6076175971247721,77.44829032083089,10512.666873477086,1.0,128,d7dc21959b746dacdfee2f559550b329783d4664db88d3cacb5590323fec9e62
released_128,4,1.3976842810079688,2.357141190499533,1.3810155620449223,157.98763443774533,10604.584431546868,1.0,128,d7dc21959b746dacdfee2f559550b329783d4664db88d3cacb5590323fec9e62
flow_control_128,10,1.0804018432681914,2.0905106247519143,1.1067694297598791,399.35448991320754,10836.172903797205,1.0,128,d7dc21959b746dacdfee2f559550b329783d4664db88d3cacb5590323fec9e62
flow_control_128,2,1.4072371895890683,1.8974696913501248,1.4439176458399743,77.49765610833492,10526.18975745247,1.0,128,d7dc21959b746dacdfee2f559550b329783d4664db88d3cacb5590323fec9e62
flow_control_128,4,1.184971004979161,1.9611564363294747,1.2095108890207484,158.02190575720942,10599.837658164006,1.0,128,d7dc21959b746dacdfee2f559550b329783d4664db88d3cacb5590323fec9e62
adapter_scale2,1,1.43091541249305,1.6151073491200805,1.4961541667580605,37.69658406235976,10355.352792218127,2.0,32,0d70d2422e7dcc10800f8d16ba642af49d8113d627882436a7a46b3f0fae0d31
adapter_scale2,10,0.7467023257631809,1.3882000725716352,0.7590989739401266,403.9750894039571,10714.394322500539,2.0,32,0d70d2422e7dcc10800f8d16ba642af49d8113d627882436a7a46b3f0fae0d31
adapter_scale2,2,0.938881833688356,1.4324362049810588,0.9592496458208188,78.34551124915379,10388.50070865692,2.0,32,0d70d2422e7dcc10800f8d16ba642af49d8113d627882436a7a46b3f0fae0d31
adapter_scale4,1,1.4286034279502928,1.616156536154449,1.4935951558873057,37.65239596714309,10338.64706778013,4.0,32,0d70d2422e7dcc10800f8d16ba642af49d8113d627882436a7a46b3f0fae0d31
adapter_scale4,10,0.7451856106054038,1.390584790147841,0.759239868959412,403.87346921716016,10718.053670155768,4.0,32,0d70d2422e7dcc10800f8d16ba642af49d8113d627882436a7a46b3f0fae0d31
adapter_scale4,2,0.9488707236014307,1.4564162041060627,0.9621181952534243,78.366699531216,10386.542462844318,4.0,32,0d70d2422e7dcc10800f8d16ba642af49d8113d627882436a7a46b3f0fae0d31
adapter_scale8,1,1.4196477001532912,1.6086063580587506,1.4845960587263107,37.61908149908777,10341.176663750502,8.0,32,0d70d2422e7dcc10800f8d16ba642af49d8113d627882436a7a46b3f0fae0d31
adapter_scale8,10,0.7450752181466669,1.3969130609184504,0.7604477365966886,403.6964803435694,10710.80112806294,8.0,32,0d70d2422e7dcc10800f8d16ba642af49d8113d627882436a7a46b3f0fae0d31
adapter_scale8,2,0.9685867972439155,1.5025554560124874,0.9744667065097019,78.33371200149486,10385.534288530835,8.0,32,0d70d2422e7dcc10800f8d16ba642af49d8113d627882436a7a46b3f0fae0d31
shortcut_32,1,1.4338680477812886,1.6177195524796844,1.4988183211535215,37.74189384330384,10433.445236312991,1.0,32,0d70d2422e7dcc10800f8d16ba642af49d8113d627882436a7a46b3f0fae0d31
shortcut_32,10,0.7469329931773245,1.3857286660932004,0.7588693976867944,403.93411206196106,10731.877913155813,1.0,32,0d70d2422e7dcc10800f8d16ba642af49d8113d627882436a7a46b3f0fae0d31
shortcut_32,2,0.9371839773375541,1.4247369645163417,0.9610246298834682,78.56933603193283,10498.0407070002,1.0,32,0d70d2422e7dcc10800f8d16ba642af49d8113d627882436a7a46b3f0fae0d31
shortcut_32,4,0.7912123791174963,1.3330344459973276,0.8087770382408053,159.71520412540485,10468.104034561975,1.0,32,0d70d2422e7dcc10800f8d16ba642af49d8113d627882436a7a46b3f0fae0d31
shortcut_32,8,0.7571389393415302,1.3632313618436456,0.7724220498930663,322.5140549375283,10664.597989125923,1.0,32,0d70d2422e7dcc10800f8d16ba642af49d8113d627882436a7a46b3f0fae0d31
released_32,1,1.970540203154087,2.116923127323389,2.0161953922361135,37.62208759371788,10341.874180468722,1.0,32,0d70d2422e7dcc10800f8d16ba642af49d8113d627882436a7a46b3f0fae0d31
released_32,10,1.1765956594608724,2.115910441149026,1.1567186350002885,403.72736587573854,10718.986193344335,1.0,32,0d70d2422e7dcc10800f8d16ba642af49d8113d627882436a7a46b3f0fae0d31
released_32,2,1.503154521342367,1.961370016913861,1.5286071235314012,78.3033191244158,10390.942543968777,1.0,32,0d70d2422e7dcc10800f8d16ba642af49d8113d627882436a7a46b3f0fae0d31
released_32,4,1.2679039724171162,1.9757879581302404,1.2625921862199903,160.58023790606057,10506.205868874986,1.0,32,0d70d2422e7dcc10800f8d16ba642af49d8113d627882436a7a46b3f0fae0d31
released_32,8,1.1844467099290341,2.080281778704375,1.173779373522848,322.59376128172335,10653.313550282064,1.0,32,0d70d2422e7dcc10800f8d16ba642af49d8113d627882436a7a46b3f0fae0d31
adapter_scale0,1,1.4357617357745767,1.621601971797645,1.5010017128661275,37.62582499962264,10340.38220203206,1.0,32,0d70d2422e7dcc10800f8d16ba642af49d8113d627882436a7a46b3f0fae0d31
adapter_scale0,10,0.747484230203554,1.3839385486207902,0.7586502102203667,403.8794857810899,10714.929044967903,1.0,32,0d70d2422e7dcc10800f8d16ba642af49d8113d627882436a7a46b3f0fae0d31
adapter_scale0,2,0.9381039760774001,1.4148609293624759,0.9637401169165969,78.47517800087189,10408.166974124924,1.0,32,0d70d2422e7dcc10800f8d16ba642af49d8113d627882436a7a46b3f0fae0d31
adapter_scale0,4,0.7902820511953905,1.3321281620301306,0.8081324649974704,159.92208659326934,10498.285815063127,1.0,32,0d70d2422e7dcc10800f8d16ba642af49d8113d627882436a7a46b3f0fae0d31
adapter_scale0,8,0.7560636294074357,1.3656472761649638,0.7706831889227033,322.72605021898926,10639.768470156696,1.0,32,0d70d2422e7dcc10800f8d16ba642af49d8113d627882436a7a46b3f0fae0d31
