model,steps,cohort,clips,min_ade_m,expert_ms,model_ms,degradation_vs_own10_percent
R0,10,full644,644,0.8282020703754938,373.4252890355839,1759.0531871305166,
R0,10,shared_heldout497,497,0.8604889181273909,372.76421990193114,1782.6560651771194,
R0,5,full644,644,0.8731680623283147,187.50441493158755,1599.69213658498,5.429350343501804
R0,5,shared_heldout497,497,0.894795276698707,188.06181243343852,1620.8427793013614,3.98684490277621
A6,10,full644,644,0.8385764025882037,383.6339852469308,1743.1957942717643,
A6,10,shared_heldout497,497,0.8708706304657702,383.80122968032805,1766.247427503258,
A6,5,full644,644,0.8805187892776868,194.94756809969127,1630.685780030984,5.0016178084705265
A6,5,shared_heldout497,497,0.9042888367403359,194.67903321417765,1654.514313193054,3.8373330211735945
A8,10,full644,644,0.8374422339408699,386.27349398595203,1778.6582000155463,
A8,10,shared_heldout497,497,0.871256647832969,385.9755800427565,1802.8276715229356,
A8,5,full644,644,0.8792361997187959,194.53430154456856,1607.3439161975432,4.990668500351392
A8,5,shared_heldout497,497,0.9033467177801974,194.74146800357812,1638.70553738866,3.683193698096243
